path_bits,guard_profile,sizeof_path_bytes,sizeof_guard_bytes,sizeof_state_bytes,logical_path_bits,logical_guard_bits,padding_bytes
32,NONE,8,0,8,32,0,0
32,PARITY,8,1,12,32,1,3
32,CRC16,8,2,12,32,16,2
32,CRC32,8,4,12,32,32,0
32,ROLL64,8,8,16,32,64,0
64,NONE,12,0,12,64,0,0
64,PARITY,12,1,16,64,1,3
64,CRC16,12,2,16,64,16,2
64,CRC32,12,4,16,64,32,0
64,ROLL64,12,8,24,64,64,4
128,NONE,20,0,20,128,0,0
128,PARITY,20,1,24,128,1,3
128,CRC16,20,2,24,128,16,2
128,CRC32,20,4,24,128,32,0
128,ROLL64,20,8,32,128,64,4
256,NONE,36,0,36,256,0,0
256,PARITY,36,1,40,256,1,3
256,CRC16,36,2,40,256,16,2
256,CRC32,36,4,40,256,32,0
256,ROLL64,36,8,48,256,64,4
